event_id,event_timestamp,user_id,department_id,pii_detected,routing_decision,prompt_tokens,response_tokens,cost_usd
1,2026-02-15T12:42:16.943988,29,13,1,BLOCKED,80,1093,0.016635
2,2026-03-31T12:42:16.943988,12,9,0,CLEARED,450,274,0.00546
3,2026-04-11T12:42:16.943988,21,12,0,CLEARED,226,1271,0.019743
4,2026-03-18T12:42:16.943988,50,10,0,CLEARED,249,1133,0.017742
5,2026-04-05T12:42:16.943988,71,9,1,BLOCKED,15,1443,0.02169
6,2026-03-07T12:42:16.943988,69,5,0,CLEARED,403,1362,0.021639
7,2026-04-19T12:42:16.943988,15,11,0,CLEARED,90,979,0.014955
8,2026-02-14T12:42:16.943988,34,5,1,BLOCKED,400,415,0.007425
9,2026-01-28T12:42:16.943988,14,4,1,BLOCKED,162,1773,0.027081
10,2026-03-30T12:42:16.943988,65,6,0,CLEARED,88,815,0.012489
11,2026-04-19T12:42:16.943988,70,4,1,BLOCKED,482,1136,0.018486
12,2026-03-04T12:42:16.943988,42,7,0,CLEARED,67,1952,0.029481
13,2026-02-06T12:42:16.943988,40,2,0,CLEARED,133,1848,0.028119
14,2026-04-11T12:42:16.943988,11,4,0,CLEARED,258,1721,0.026589
15,2026-02-18T12:42:16.943988,69,5,0,CLEARED,75,1401,0.02124
16,2026-02-01T12:42:16.943988,71,9,0,CLEARED,280,1836,0.02838
17,2026-01-21T12:42:16.943988,55,15,1,BLOCKED,485,1154,0.018765
18,2026-01-26T12:42:16.943988,26,7,0,CLEARED,214,1425,0.022017
19,2026-04-04T12:42:16.943988,48,12,0,CLEARED,274,974,0.015432
20,2026-02-03T12:42:16.943988,32,15,0,CLEARED,183,93,0.001944
21,2026-04-10T12:42:16.943988,71,9,0,CLEARED,122,64,0.001326
22,2026-03-08T12:42:16.943988,8,2,0,CLEARED,473,114,0.003129
23,2026-02-16T12:42:16.943988,10,1,0,CLEARED,152,1420,0.021756
24,2026-02-05T12:42:16.943988,28,10,0,CLEARED,380,1965,0.030615
25,2026-02-26T12:42:16.943988,74,15,0,CLEARED,411,1018,0.016503
26,2026-03-05T12:42:16.943988,25,2,0,CLEARED,347,932,0.015021
27,2026-04-13T12:42:16.943988,55,15,0,CLEARED,452,1543,0.024501
28,2026-04-06T12:42:16.943988,13,1,0,CLEARED,382,744,0.012306
29,2026-04-02T12:42:16.943988,32,15,0,CLEARED,284,968,0.015372
30,2026-04-10T12:42:16.943988,55,15,0,CLEARED,246,561,0.009153
31,2026-04-07T12:42:16.943988,57,4,0,CLEARED,448,1177,0.018999
32,2026-04-18T12:42:16.943988,7,15,0,CLEARED,286,1762,0.027288
33,2026-03-29T12:42:16.943988,12,9,1,BLOCKED,444,534,0.009342
34,2026-02-27T12:42:16.943988,53,3,0,CLEARED,119,1820,0.027657
35,2026-03-17T12:42:16.943988,8,2,0,CLEARED,11,849,0.012768
36,2026-02-07T12:42:16.943988,59,4,0,CLEARED,366,1546,0.024288
37,2026-04-12T12:42:16.943988,63,15,0,CLEARED,161,495,0.007908
38,2026-03-10T12:42:16.943988,75,7,0,CLEARED,41,1581,0.023838
39,2026-02-11T12:42:16.943988,8,2,0,CLEARED,254,1079,0.016947
40,2026-03-27T12:42:16.943988,21,12,0,CLEARED,270,214,0.00402
41,2026-03-20T12:42:16.943988,9,7,0,CLEARED,355,1815,0.02829
42,2026-03-19T12:42:16.943988,52,12,0,CLEARED,465,1216,0.019635
43,2026-02-25T12:42:16.943988,75,7,0,CLEARED,327,217,0.004236
44,2026-03-17T12:42:16.943988,75,7,0,CLEARED,171,1964,0.029973
45,2026-03-17T12:42:16.943988,27,6,0,CLEARED,170,538,0.00858
46,2026-02-20T12:42:16.943988,51,3,0,CLEARED,340,664,0.01098
47,2026-04-18T12:42:16.943988,41,14,1,BLOCKED,489,198,0.004437
48,2026-04-10T12:42:16.943988,59,4,0,CLEARED,298,254,0.004704
49,2026-03-06T12:42:16.943988,69,5,0,CLEARED,145,321,0.00525
50,2026-03-30T12:42:16.943988,9,7,1,BLOCKED,199,633,0.010092
51,2026-01-31T12:42:16.943988,57,4,0,CLEARED,370,669,0.011145
52,2026-03-12T12:42:16.943988,68,8,0,CLEARED,428,1185,0.019059
53,2026-04-05T12:42:16.944988,14,4,1,BLOCKED,78,591,0.009099
54,2026-03-14T12:42:16.944988,14,4,0,CLEARED,89,607,0.009372
55,2026-01-28T12:42:16.944988,27,6,0,CLEARED,114,1457,0.022197
56,2026-04-13T12:42:16.944988,34,5,0,CLEARED,138,1904,0.028974
57,2026-04-14T12:42:16.944988,12,9,0,CLEARED,434,616,0.010542
58,2026-03-17T12:42:16.944988,1,11,0,CLEARED,76,1354,0.020538
59,2026-02-24T12:42:16.944988,21,12,0,CLEARED,292,1495,0.023301
60,2026-01-21T12:42:16.944988,72,5,0,CLEARED,48,1985,0.029919
61,2026-02-04T12:42:16.944988,20,13,0,CLEARED,437,806,0.013401
62,2026-03-11T12:42:16.944988,71,9,0,CLEARED,75,135,0.00225
63,2026-04-14T12:42:16.944988,47,11,1,BLOCKED,417,1812,0.028431
64,2026-04-06T12:42:16.944988,46,6,0,CLEARED,137,1415,0.021636
65,2026-02-26T12:42:16.944988,46,6,0,CLEARED,462,1841,0.029001
66,2026-03-30T12:42:16.944988,20,13,1,BLOCKED,131,1820,0.027693
67,2026-03-08T12:42:16.944988,23,3,1,BLOCKED,22,417,0.006321
68,2026-03-19T12:42:16.944988,53,3,0,CLEARED,452,1555,0.024681
69,2026-03-02T12:42:16.944988,35,10,0,CLEARED,369,271,0.005172
70,2026-02-20T12:42:16.944988,5,12,1,BLOCKED,123,458,0.007239
71,2026-03-21T12:42:16.944988,45,3,0,CLEARED,417,1834,0.028761
72,2026-03-08T12:42:16.944988,29,13,0,CLEARED,108,866,0.013314
73,2026-03-06T12:42:16.944988,36,10,1,BLOCKED,405,621,0.01053
74,2026-03-08T12:42:16.944988,66,11,0,CLEARED,441,1148,0.018543
75,2026-02-04T12:42:16.944988,4,4,0,CLEARED,143,415,0.006654
76,2026-03-06T12:42:16.944988,34,5,0,CLEARED,315,939,0.01503
77,2026-03-01T12:42:16.944988,41,14,0,CLEARED,271,286,0.005103
78,2026-02-23T12:42:16.944988,74,15,0,CLEARED,32,1501,0.022611
79,2026-01-22T12:42:16.944988,1,11,0,CLEARED,422,1152,0.018546
80,2026-01-24T12:42:16.944988,26,7,0,CLEARED,45,1993,0.03003
81,2026-04-04T12:42:16.944988,43,8,0,CLEARED,349,1786,0.027837
82,2026-03-09T12:42:16.944988,39,4,0,CLEARED,351,886,0.014343
83,2026-03-26T12:42:16.944988,52,12,0,CLEARED,293,310,0.005529
84,2026-03-28T12:42:16.944988,54,7,0,CLEARED,204,1437,0.022167
85,2026-04-19T12:42:16.944988,73,10,0,CLEARED,290,1757,0.027225
86,2026-02-04T12:42:16.944988,39,4,0,CLEARED,230,1659,0.025575
87,2026-03-23T12:42:16.944988,42,7,0,CLEARED,236,1433,0.022203
88,2026-03-29T12:42:16.944988,66,11,0,CLEARED,471,1680,0.026613
89,2026-01-30T12:42:16.944988,11,4,0,CLEARED,349,1346,0.021237
90,2026-03-20T12:42:16.944988,43,8,0,CLEARED,497,1588,0.025311
91,2026-04-16T12:42:16.944988,40,2,0,CLEARED,111,351,0.005598
92,2026-04-10T12:42:16.944988,6,11,0,CLEARED,253,1301,0.020274
93,2026-03-26T12:42:16.944988,59,4,0,CLEARED,332,1228,0.019416
94,2026-01-26T12:42:16.944988,50,10,0,CLEARED,134,352,0.005682
95,2026-04-06T12:42:16.944988,1,11,1,BLOCKED,450,1627,0.025755
96,2026-02-12T12:42:16.944988,55,15,0,CLEARED,421,1475,0.023388
97,2026-04-04T12:42:16.944988,60,13,0,CLEARED,137,1928,0.029331
98,2026-02-11T12:42:16.944988,59,4,0,CLEARED,247,1417,0.021996
99,2026-02-22T12:42:16.944988,72,5,0,CLEARED,496,1596,0.025428
100,2026-02-21T12:42:16.944988,65,6,0,CLEARED,474,1172,0.019002
101,2026-03-17T12:42:16.944988,21,12,0,CLEARED,253,971,0.015324
102,2026-02-12T12:42:16.944988,32,15,0,CLEARED,151,1618,0.024723
103,2026-04-10T12:42:16.944988,63,15,0,CLEARED,150,950,0.0147
104,2026-02-09T12:42:16.944988,37,12,0,CLEARED,181,704,0.011103
105,2026-01-21T12:42:16.944988,11,4,0,CLEARED,128,834,0.012894
106,2026-02-26T12:42:16.944988,20,13,0,CLEARED,42,899,0.013611
107,2026-03-24T12:42:16.944988,43,8,0,CLEARED,222,177,0.003321
108,2026-01-20T12:42:16.944988,54,7,0,CLEARED,404,1246,0.019902
109,2026-03-02T12:42:16.944988,3,5,1,BLOCKED,401,1229,0.019638
110,2026-03-01T12:42:16.944988,62,2,0,CLEARED,190,661,0.010485
111,2026-02-01T12:42:16.944988,54,7,0,CLEARED,386,1168,0.018678
112,2026-02-16T12:42:16.944988,29,13,0,CLEARED,149,942,0.014577
113,2026-02-27T12:42:16.944988,4,4,0,CLEARED,352,1440,0.022656
114,2026-01-30T12:42:16.944988,22,6,0,CLEARED,480,311,0.006105
115,2026-02-06T12:42:16.944988,69,5,0,CLEARED,211,1262,0.019563
116,2026-02-19T12:42:16.944988,4,4,0,CLEARED,229,327,0.005592
117,2026-03-23T12:42:16.944988,24,13,0,CLEARED,204,720,0.011412
118,2026-03-02T12:42:16.944988,59,4,0,CLEARED,399,1851,0.028962
119,2026-03-18T12:42:16.944988,36,10,0,CLEARED,435,913,0.015
120,2026-04-13T12:42:16.944988,11,4,0,CLEARED,393,1154,0.018489
121,2026-01-26T12:42:16.944988,45,3,0,CLEARED,45,1649,0.02487
122,2026-03-25T12:42:16.944988,6,11,0,CLEARED,496,556,0.009828
123,2026-02-18T12:42:16.944988,3,5,0,CLEARED,132,308,0.005016
124,2026-01-20T12:42:16.944988,15,11,0,CLEARED,121,1002,0.015393
125,2026-02-01T12:42:16.944988,33,2,0,CLEARED,95,1290,0.019635
126,2026-04-06T12:42:16.944988,15,11,0,CLEARED,93,687,0.010584
127,2026-01-23T12:42:16.944988,75,7,0,CLEARED,169,1229,0.018942
128,2026-04-10T12:42:16.944988,49,11,0,CLEARED,376,456,0.007968
129,2026-01-22T12:42:16.944988,32,15,0,CLEARED,405,667,0.01122
130,2026-04-14T12:42:16.944988,16,9,0,CLEARED,299,1652,0.025677
131,2026-04-11T12:42:16.944988,45,3,0,CLEARED,348,808,0.013164
132,2026-02-25T12:42:16.944988,65,6,0,CLEARED,16,1789,0.026883
133,2026-02-20T12:42:16.944988,63,15,0,CLEARED,195,1351,0.02085
134,2026-01-26T12:42:16.944988,20,13,0,CLEARED,385,1118,0.017925
135,2026-02-17T12:42:16.944988,35,10,0,CLEARED,480,1152,0.01872
136,2026-03-16T12:42:16.944988,60,13,0,CLEARED,384,1263,0.020097
137,2026-04-08T12:42:16.944988,42,7,1,BLOCKED,435,1964,0.030765
138,2026-02-19T12:42:16.944988,36,10,1,BLOCKED,134,1586,0.024192
139,2026-04-16T12:42:16.944988,73,10,0,CLEARED,204,738,0.011682
140,2026-03-23T12:42:16.944988,64,15,1,BLOCKED,103,1048,0.016029
141,2026-02-02T12:42:16.944988,46,6,0,CLEARED,184,622,0.009882
142,2026-03-26T12:42:16.944988,36,10,0,CLEARED,274,1991,0.030687
143,2026-02-07T12:42:16.944988,11,4,0,CLEARED,218,1050,0.016404
144,2026-02-16T12:42:16.944988,31,9,0,CLEARED,340,1507,0.023625
145,2026-03-22T12:42:16.944988,58,6,0,CLEARED,57,652,0.009951
146,2026-02-04T12:42:16.944988,52,12,0,CLEARED,166,1409,0.021633
147,2026-02-24T12:42:16.944988,48,12,0,CLEARED,281,754,0.012153
148,2026-03-16T12:42:16.944988,71,9,0,CLEARED,369,979,0.015792
149,2026-03-26T12:42:16.944988,40,2,0,CLEARED,71,1527,0.023118
150,2026-01-21T12:42:16.944988,41,14,0,CLEARED,284,1997,0.030807
151,2026-03-15T12:42:16.944988,24,13,0,CLEARED,388,1041,0.016779
152,2026-03-26T12:42:16.944988,68,8,0,CLEARED,61,1755,0.026508
153,2026-04-18T12:42:16.944988,38,1,0,CLEARED,101,669,0.010338
154,2026-02-08T12:42:16.944988,69,5,0,CLEARED,33,161,0.002514
155,2026-02-16T12:42:16.944988,38,1,0,CLEARED,74,1356,0.020562
156,2026-02-18T12:42:16.944988,14,4,1,BLOCKED,303,632,0.010389
157,2026-03-18T12:42:16.944988,62,2,0,CLEARED,104,155,0.002637
158,2026-02-16T12:42:16.944988,62,2,0,CLEARED,43,870,0.013179
159,2026-03-31T12:42:16.944988,10,1,0,CLEARED,361,159,0.003468
160,2026-04-09T12:42:16.944988,20,13,0,CLEARED,495,672,0.011565
161,2026-02-01T12:42:16.944988,32,15,0,CLEARED,401,902,0.014733
162,2026-02-22T12:42:16.944988,29,13,0,CLEARED,204,972,0.015192
163,2026-02-06T12:42:16.944988,39,4,1,BLOCKED,229,675,0.010812
164,2026-03-24T12:42:16.944988,8,2,0,CLEARED,388,253,0.004959
165,2026-03-20T12:42:16.944988,28,10,0,CLEARED,51,371,0.005718
166,2026-02-26T12:42:16.944988,23,3,0,CLEARED,90,55,0.001095
167,2026-04-15T12:42:16.944988,58,6,0,CLEARED,250,646,0.01044
168,2026-02-20T12:42:16.944988,30,12,0,CLEARED,154,1489,0.022797
169,2026-01-29T12:42:16.944988,10,1,0,CLEARED,483,591,0.010314
170,2026-01-27T12:42:16.944988,26,7,0,CLEARED,288,510,0.008514
171,2026-04-10T12:42:16.944988,20,13,1,BLOCKED,433,341,0.006414
172,2026-02-06T12:42:16.944988,8,2,0,CLEARED,167,1268,0.019521
173,2026-03-12T12:42:16.944988,37,12,0,CLEARED,249,1460,0.022647
174,2026-02-15T12:42:16.944988,52,12,1,BLOCKED,266,1155,0.018123
175,2026-02-23T12:42:16.944988,57,4,0,CLEARED,30,1871,0.028155
176,2026-03-21T12:42:16.944988,42,7,0,CLEARED,23,237,0.003624
177,2026-01-23T12:42:16.944988,74,15,0,CLEARED,20,1616,0.0243
178,2026-03-28T12:42:16.944988,35,10,0,CLEARED,400,1598,0.02517
179,2026-03-15T12:42:16.944988,61,7,0,CLEARED,236,1926,0.029598
180,2026-02-16T12:42:16.944988,24,13,1,BLOCKED,233,1350,0.020949
181,2026-03-09T12:42:16.944988,12,9,0,CLEARED,219,732,0.011637
182,2026-01-21T12:42:16.944988,14,4,1,BLOCKED,178,893,0.013929
183,2026-02-08T12:42:16.944988,64,15,0,CLEARED,493,870,0.014529
184,2026-03-09T12:42:16.944988,5,12,0,CLEARED,171,566,0.009003
185,2026-02-13T12:42:16.944988,15,11,1,BLOCKED,216,1821,0.027963
186,2026-02-26T12:42:16.944988,1,11,0,CLEARED,287,996,0.015801
187,2026-02-15T12:42:16.944988,7,15,0,CLEARED,195,1325,0.02046
188,2026-02-08T12:42:16.944988,57,4,0,CLEARED,114,596,0.009282
189,2026-01-20T12:42:16.944988,17,4,1,BLOCKED,234,1853,0.028497
190,2026-03-20T12:42:16.944988,63,15,0,CLEARED,332,1296,0.020436
191,2026-02-26T12:42:16.944988,21,12,0,CLEARED,17,1181,0.017766
192,2026-04-05T12:42:16.944988,12,9,0,CLEARED,440,1919,0.030105
193,2026-03-31T12:42:16.944988,60,13,1,BLOCKED,341,1754,0.027333
194,2026-01-19T12:42:16.944988,64,15,1,BLOCKED,159,1092,0.016857
195,2026-03-19T12:42:16.944988,35,10,0,CLEARED,257,1017,0.016026
196,2026-02-02T12:42:16.944988,59,4,0,CLEARED,206,440,0.007218
197,2026-04-11T12:42:16.944988,66,11,0,CLEARED,79,1819,0.027522
198,2026-03-07T12:42:16.944988,36,10,0,CLEARED,447,899,0.014826
199,2026-03-12T12:42:16.944988,65,6,0,CLEARED,11,629,0.009468
200,2026-03-31T12:42:16.944988,75,7,1,BLOCKED,260,1822,0.02811
201,2026-02-08T12:42:16.944988,58,6,0,CLEARED,186,730,0.011508
202,2026-03-26T12:42:16.944988,70,4,0,CLEARED,487,709,0.012096
203,2026-02-26T12:42:16.944988,31,9,0,CLEARED,129,1803,0.027432
204,2026-03-02T12:42:16.944988,6,11,0,CLEARED,252,1494,0.023166
205,2026-01-26T12:42:16.944988,50,10,1,BLOCKED,415,1730,0.027195
206,2026-02-14T12:42:16.944988,20,13,0,CLEARED,28,308,0.004704
207,2026-02-22T12:42:16.944988,43,8,1,BLOCKED,457,1780,0.028071
208,2026-04-01T12:42:16.944988,13,1,0,CLEARED,243,81,0.001944
209,2026-02-18T12:42:16.944988,53,3,1,BLOCKED,89,203,0.003312
210,2026-01-26T12:42:16.944988,34,5,0,CLEARED,364,864,0.014052
211,2026-02-10T12:42:16.944988,11,4,1,BLOCKED,446,1431,0.022803
212,2026-02-16T12:42:16.944988,49,11,1,BLOCKED,330,1521,0.023805
213,2026-01-29T12:42:16.944988,70,4,0,CLEARED,45,530,0.008085
214,2026-02-23T12:42:16.944988,37,12,1,BLOCKED,392,235,0.004701
215,2026-04-07T12:42:16.944988,13,1,0,CLEARED,370,1837,0.028665
216,2026-04-16T12:42:16.944988,57,4,0,CLEARED,163,1900,0.028989
217,2026-03-05T12:42:16.944988,6,11,0,CLEARED,38,650,0.009864
218,2026-02-26T12:42:16.944988,48,12,0,CLEARED,135,1137,0.01746
219,2026-03-28T12:42:16.944988,73,10,0,CLEARED,102,398,0.006276
220,2026-01-22T12:42:16.944988,11,4,0,CLEARED,205,1319,0.0204
221,2026-03-21T12:42:16.944988,31,9,0,CLEARED,308,343,0.006069
222,2026-01-24T12:42:16.944988,60,13,0,CLEARED,245,572,0.009315
223,2026-03-14T12:42:16.944988,2,1,1,BLOCKED,248,1895,0.029169
224,2026-03-06T12:42:16.944988,70,4,0,CLEARED,236,1985,0.030483
225,2026-03-18T12:42:16.944988,39,4,0,CLEARED,227,1463,0.022626
226,2026-02-17T12:42:16.944988,59,4,0,CLEARED,111,837,0.012888
227,2026-02-05T12:42:16.944988,14,4,0,CLEARED,302,785,0.012681
228,2026-01-25T12:42:16.944988,38,1,1,BLOCKED,161,94,0.001893
229,2026-01-22T12:42:16.944988,51,3,0,CLEARED,299,1821,0.028212
230,2026-03-14T12:42:16.944988,7,15,1,BLOCKED,391,1067,0.017178
231,2026-01-28T12:42:16.944988,30,12,0,CLEARED,190,498,0.00804
232,2026-01-25T12:42:16.944988,25,2,0,CLEARED,357,1597,0.025026
233,2026-01-27T12:42:16.944988,18,10,0,CLEARED,472,1335,0.021441
234,2026-02-04T12:42:16.944988,6,11,0,CLEARED,235,118,0.002475
235,2026-03-13T12:42:16.944988,47,11,0,CLEARED,56,1912,0.028848
236,2026-04-03T12:42:16.944988,42,7,0,CLEARED,99,461,0.007212
237,2026-02-14T12:42:16.944988,70,4,1,BLOCKED,197,1137,0.017646
238,2026-02-17T12:42:16.944988,35,10,0,CLEARED,141,1921,0.029238
239,2026-04-05T12:42:16.944988,38,1,0,CLEARED,183,1697,0.026004
240,2026-03-22T12:42:16.944988,60,13,1,BLOCKED,82,1594,0.024156
241,2026-03-04T12:42:16.944988,51,3,1,BLOCKED,421,1191,0.019128
242,2026-02-10T12:42:16.944988,12,9,0,CLEARED,17,591,0.008916
243,2026-01-23T12:42:16.944988,16,9,0,CLEARED,354,1583,0.024807
244,2026-03-03T12:42:16.944988,34,5,0,CLEARED,431,1357,0.021648
245,2026-01-30T12:42:16.944988,14,4,0,CLEARED,251,101,0.002268
246,2026-01-27T12:42:16.944988,72,5,0,CLEARED,322,503,0.008511
247,2026-01-20T12:42:16.944988,9,7,0,CLEARED,247,1912,0.029421
248,2026-04-14T12:42:16.944988,39,4,0,CLEARED,69,336,0.005247
249,2026-04-07T12:42:16.944988,5,12,0,CLEARED,262,287,0.005091
250,2026-02-20T12:42:16.944988,31,9,1,BLOCKED,79,845,0.012912
251,2026-02-09T12:42:16.944988,48,12,0,CLEARED,390,1476,0.02331
252,2026-02-25T12:42:16.944988,54,7,0,CLEARED,382,366,0.006636
253,2026-03-15T12:42:16.944988,13,1,0,CLEARED,325,885,0.01425
254,2026-02-22T12:42:16.944988,5,12,0,CLEARED,121,958,0.014733
255,2026-03-03T12:42:16.944988,31,9,1,BLOCKED,60,1454,0.02199
256,2026-04-12T12:42:16.944988,70,4,1,BLOCKED,340,784,0.01278
257,2026-02-20T12:42:16.944988,51,3,0,CLEARED,72,1993,0.030111
258,2026-02-02T12:42:16.944988,12,9,0,CLEARED,338,1359,0.021399
259,2026-04-03T12:42:16.944988,3,5,0,CLEARED,180,548,0.00876
260,2026-02-08T12:42:16.944988,73,10,0,CLEARED,434,1617,0.025557
261,2026-03-21T12:42:16.944988,27,6,0,CLEARED,426,1831,0.028743
262,2026-02-02T12:42:16.944988,43,8,0,CLEARED,413,1894,0.029649
263,2026-02-09T12:42:16.944988,1,11,0,CLEARED,84,316,0.004992
264,2026-04-16T12:42:16.944988,33,2,0,CLEARED,66,1403,0.021243
265,2026-03-20T12:42:16.944988,17,4,0,CLEARED,414,1664,0.026202
266,2026-04-03T12:42:16.944988,42,7,0,CLEARED,145,157,0.00279
267,2026-02-18T12:42:16.944988,54,7,0,CLEARED,391,180,0.003873
268,2026-04-06T12:42:16.944988,58,6,0,CLEARED,272,1265,0.019791
269,2026-04-14T12:42:16.944988,58,6,0,CLEARED,494,1309,0.021117
270,2026-04-12T12:42:16.944988,67,7,0,CLEARED,339,113,0.002712
271,2026-04-06T12:42:16.944988,62,2,0,CLEARED,228,1455,0.022509
272,2026-04-09T12:42:16.944988,63,15,0,CLEARED,237,200,0.003711
273,2026-03-15T12:42:16.944988,42,7,0,CLEARED,43,308,0.004749
274,2026-02-02T12:42:16.944988,75,7,0,CLEARED,176,830,0.012978
275,2026-02-23T12:42:16.944988,68,8,0,CLEARED,268,1289,0.020139
276,2026-01-26T12:42:16.944988,13,1,0,CLEARED,68,1796,0.027144
277,2026-02-21T12:42:16.944988,71,9,0,CLEARED,120,930,0.01431
278,2026-02-27T12:42:16.944988,30,12,0,CLEARED,433,978,0.015969
279,2026-03-10T12:42:16.944988,54,7,0,CLEARED,170,924,0.01437
280,2026-02-18T12:42:16.944988,33,2,0,CLEARED,88,1456,0.022104
281,2026-02-23T12:42:16.944988,9,7,0,CLEARED,53,240,0.003759
282,2026-04-03T12:42:16.944988,13,1,0,CLEARED,200,1712,0.02628
283,2026-02-07T12:42:16.944988,72,5,0,CLEARED,499,1200,0.019497
284,2026-01-24T12:42:16.944988,43,8,0,CLEARED,220,774,0.01227
285,2026-03-14T12:42:16.944988,55,15,1,BLOCKED,379,155,0.003462
286,2026-03-23T12:42:16.944988,40,2,0,CLEARED,305,1089,0.01725
287,2026-04-06T12:42:16.944988,20,13,0,CLEARED,124,1785,0.027147
288,2026-03-15T12:42:16.944988,45,3,0,CLEARED,198,285,0.004869
289,2026-02-07T12:42:16.944988,74,15,0,CLEARED,229,1780,0.027387
290,2026-01-21T12:42:16.944988,72,5,0,CLEARED,485,1397,0.02241
291,2026-03-11T12:42:16.944988,35,10,0,CLEARED,149,1489,0.022782
292,2026-04-01T12:42:16.944988,44,14,0,CLEARED,102,1831,0.027771
293,2026-01-28T12:42:16.944988,73,10,0,CLEARED,45,340,0.005235
294,2026-03-02T12:42:16.944988,4,4,0,CLEARED,281,490,0.008193
295,2026-03-11T12:42:16.944988,54,7,0,CLEARED,90,807,0.012375
296,2026-04-09T12:42:16.944988,42,7,0,CLEARED,300,1271,0.019965
297,2026-04-13T12:42:16.944988,7,15,0,CLEARED,396,1315,0.020913
298,2026-02-16T12:42:16.944988,11,4,0,CLEARED,348,918,0.014814
299,2026-02-13T12:42:16.944988,57,4,0,CLEARED,120,1596,0.0243
300,2026-01-23T12:42:16.944988,15,11,0,CLEARED,66,630,0.009648
301,2026-03-22T12:42:16.944988,63,15,0,CLEARED,167,143,0.002646
302,2026-03-24T12:42:16.944988,51,3,1,BLOCKED,38,65,0.001089
303,2026-03-18T12:42:16.944988,39,4,1,BLOCKED,402,331,0.006171
304,2026-02-23T12:42:16.944988,38,1,0,CLEARED,13,1068,0.016059
305,2026-03-21T12:42:16.944988,23,3,0,CLEARED,282,1491,0.023211
306,2026-03-05T12:42:16.944988,65,6,0,CLEARED,352,1701,0.026571
307,2026-02-23T12:42:16.944988,10,1,0,CLEARED,389,136,0.003207
308,2026-03-10T12:42:16.944988,3,5,0,CLEARED,49,1815,0.027372
309,2026-01-28T12:42:16.944988,74,15,0,CLEARED,217,1503,0.023196
310,2026-03-09T12:42:16.944988,54,7,0,CLEARED,217,92,0.002031
311,2026-01-21T12:42:16.944988,22,6,0,CLEARED,326,992,0.015858
312,2026-03-19T12:42:16.944988,47,11,0,CLEARED,442,266,0.005316
313,2026-02-28T12:42:16.944988,56,12,0,CLEARED,278,211,0.003999
314,2026-03-29T12:42:16.944988,40,2,0,CLEARED,123,732,0.011349
315,2026-02-13T12:42:16.944988,10,1,0,CLEARED,68,1136,0.017244
316,2026-01-27T12:42:16.944988,25,2,1,BLOCKED,188,769,0.012099
317,2026-03-25T12:42:16.944988,19,13,0,CLEARED,84,574,0.008862
318,2026-01-26T12:42:16.944988,23,3,0,CLEARED,399,1604,0.025257
319,2026-02-15T12:42:16.944988,10,1,0,CLEARED,405,1336,0.021255
320,2026-02-21T12:42:16.944988,60,13,0,CLEARED,399,1236,0.019737
321,2026-01-29T12:42:16.944988,73,10,0,CLEARED,329,711,0.011652
322,2026-02-22T12:42:16.944988,41,14,0,CLEARED,44,1010,0.015282
323,2026-03-05T12:42:16.944988,39,4,0,CLEARED,312,165,0.003411
324,2026-04-15T12:42:16.944988,65,6,0,CLEARED,246,975,0.015363
325,2026-01-27T12:42:16.944988,8,2,0,CLEARED,156,207,0.003573
326,2026-02-19T12:42:16.944988,12,9,0,CLEARED,269,837,0.013362
327,2026-04-14T12:42:16.944988,75,7,0,CLEARED,415,1563,0.02469
328,2026-03-26T12:42:16.944988,58,6,1,BLOCKED,302,1384,0.021666
329,2026-04-12T12:42:16.944988,42,7,0,CLEARED,266,358,0.006168
330,2026-03-07T12:42:16.944988,58,6,0,CLEARED,470,1764,0.02787
331,2026-03-19T12:42:16.944988,11,4,0,CLEARED,98,130,0.002244
332,2026-01-31T12:42:16.944988,57,4,1,BLOCKED,278,1120,0.017634
333,2026-03-01T12:42:16.944988,21,12,0,CLEARED,479,629,0.010872
334,2026-04-13T12:42:16.944988,53,3,0,CLEARED,357,1274,0.020181
335,2026-01-23T12:42:16.944988,43,8,0,CLEARED,58,1192,0.018054
336,2026-01-25T12:42:16.944988,50,10,0,CLEARED,380,1794,0.02805
337,2026-04-01T12:42:16.944988,20,13,0,CLEARED,308,1409,0.022059
338,2026-01-25T12:42:16.944988,45,3,0,CLEARED,345,1480,0.023235
339,2026-04-09T12:42:16.944988,51,3,0,CLEARED,372,1971,0.030681
340,2026-03-08T12:42:16.944988,40,2,0,CLEARED,339,1671,0.026082
341,2026-01-22T12:42:16.944988,17,4,0,CLEARED,434,1989,0.031137
342,2026-02-13T12:42:16.944988,68,8,0,CLEARED,353,917,0.014814
343,2026-03-23T12:42:16.944988,47,11,0,CLEARED,168,419,0.006789
344,2026-03-22T12:42:16.944988,44,14,1,BLOCKED,258,443,0.007419
345,2026-04-07T12:42:16.944988,18,10,0,CLEARED,161,1779,0.027168
346,2026-02-11T12:42:16.944988,65,6,0,CLEARED,437,1562,0.024741
347,2026-01-30T12:42:16.944988,5,12,0,CLEARED,458,1619,0.025659
348,2026-03-27T12:42:16.944988,17,4,0,CLEARED,88,382,0.005994
349,2026-03-04T12:42:16.944988,22,6,0,CLEARED,32,891,0.013461
350,2026-02-21T12:42:16.944988,31,9,1,BLOCKED,322,633,0.010461
351,2026-02-18T12:42:16.944988,30,12,0,CLEARED,168,1706,0.026094
352,2026-02-22T12:42:16.944988,25,2,0,CLEARED,494,1218,0.019752
353,2026-02-14T12:42:16.944988,60,13,0,CLEARED,408,832,0.013704
354,2026-03-25T12:42:16.944988,68,8,0,CLEARED,92,1722,0.026106
355,2026-02-17T12:42:16.944988,18,10,1,BLOCKED,36,1363,0.020553
356,2026-02-12T12:42:16.944988,48,12,0,CLEARED,62,1506,0.022776
357,2026-03-16T12:42:16.944988,16,9,0,CLEARED,400,378,0.00687
358,2026-02-23T12:42:16.944988,58,6,1,BLOCKED,85,1751,0.02652
359,2026-02-21T12:42:16.944988,12,9,1,BLOCKED,123,1722,0.026199
360,2026-02-28T12:42:16.944988,45,3,1,BLOCKED,222,159,0.003051
361,2026-03-03T12:42:16.944988,65,6,0,CLEARED,207,217,0.003876
362,2026-01-26T12:42:16.944988,29,13,0,CLEARED,486,252,0.005238
363,2026-03-14T12:42:16.944988,43,8,0,CLEARED,80,128,0.00216
364,2026-01-19T12:42:16.944988,61,7,0,CLEARED,81,1604,0.024303
365,2026-04-09T12:42:16.944988,61,7,0,CLEARED,12,1905,0.028611
366,2026-02-08T12:42:16.944988,3,5,0,CLEARED,437,356,0.006651
367,2026-03-20T12:42:16.944988,68,8,0,CLEARED,407,640,0.010821
368,2026-01-28T12:42:16.945988,39,4,0,CLEARED,132,909,0.014031
369,2026-02-15T12:42:16.945988,59,4,0,CLEARED,438,1903,0.029859
370,2026-03-20T12:42:16.945988,69,5,0,CLEARED,273,1227,0.019224
371,2026-03-05T12:42:16.945988,19,13,0,CLEARED,10,1309,0.019665
372,2026-01-24T12:42:16.945988,31,9,0,CLEARED,105,1410,0.021465
373,2026-02-11T12:42:16.945988,11,4,0,CLEARED,194,188,0.003402
374,2026-04-17T12:42:16.945988,70,4,0,CLEARED,269,1184,0.018567
375,2026-03-01T12:42:16.945988,50,10,1,BLOCKED,32,1351,0.020361
376,2026-04-11T12:42:16.945988,48,12,0,CLEARED,18,781,0.011769
377,2026-04-06T12:42:16.945988,45,3,0,CLEARED,346,1336,0.021078
378,2026-04-14T12:42:16.945988,75,7,0,CLEARED,180,323,0.005385
379,2026-03-28T12:42:16.945988,46,6,0,CLEARED,426,1366,0.021768
380,2026-03-27T12:42:16.945988,60,13,1,BLOCKED,255,1343,0.02091
381,2026-02-20T12:42:16.945988,18,10,0,CLEARED,407,1982,0.030951
382,2026-03-25T12:42:16.945988,5,12,0,CLEARED,32,1670,0.025146
383,2026-02-28T12:42:16.945988,6,11,0,CLEARED,168,1105,0.017079
384,2026-01-27T12:42:16.945988,70,4,0,CLEARED,28,1592,0.023964
385,2026-04-13T12:42:16.945988,25,2,0,CLEARED,451,1649,0.026088
386,2026-02-23T12:42:16.945988,43,8,0,CLEARED,419,803,0.013302
387,2026-03-07T12:42:16.945988,52,12,0,CLEARED,468,841,0.014019
388,2026-02-12T12:42:16.945988,24,13,0,CLEARED,264,802,0.012822
389,2026-04-09T12:42:16.945988,35,10,0,CLEARED,382,919,0.014931
390,2026-02-09T12:42:16.945988,56,12,0,CLEARED,431,419,0.007578
391,2026-01-25T12:42:16.945988,38,1,0,CLEARED,50,721,0.010965
392,2026-02-24T12:42:16.945988,38,1,0,CLEARED,318,1519,0.023739
393,2026-04-14T12:42:16.945988,22,6,0,CLEARED,189,965,0.015042
394,2026-01-28T12:42:16.945988,46,6,0,CLEARED,232,612,0.009876
395,2026-03-04T12:42:16.945988,8,2,0,CLEARED,336,881,0.014223
396,2026-04-16T12:42:16.945988,66,11,0,CLEARED,357,377,0.006726
397,2026-02-22T12:42:16.945988,19,13,0,CLEARED,357,1650,0.025821
398,2026-01-27T12:42:16.945988,5,12,0,CLEARED,130,1644,0.02505
399,2026-04-15T12:42:16.945988,47,11,0,CLEARED,496,1211,0.019653
400,2026-03-03T12:42:16.945988,20,13,0,CLEARED,495,809,0.01362
401,2026-02-11T12:42:16.945988,57,4,0,CLEARED,303,331,0.005874
402,2026-03-19T12:42:16.945988,47,11,0,CLEARED,342,620,0.010326
403,2026-02-12T12:42:16.945988,15,11,0,CLEARED,105,1072,0.016395
404,2026-03-17T12:42:16.945988,50,10,1,BLOCKED,70,586,0.009
405,2026-01-21T12:42:16.945988,58,6,0,CLEARED,323,634,0.010479
406,2026-04-10T12:42:16.945988,63,15,0,CLEARED,79,1796,0.027177
407,2026-04-08T12:42:16.945988,58,6,0,CLEARED,375,961,0.01554
408,2026-02-08T12:42:16.945988,41,14,0,CLEARED,373,182,0.003849
409,2026-03-30T12:42:16.945988,70,4,0,CLEARED,163,1793,0.027384
410,2026-04-04T12:42:16.945988,23,3,0,CLEARED,270,509,0.008445
411,2026-02-15T12:42:16.945988,26,7,0,CLEARED,131,1668,0.025413
412,2026-02-19T12:42:16.945988,4,4,0,CLEARED,303,805,0.012984
413,2026-04-11T12:42:16.945988,71,9,0,CLEARED,462,226,0.004776
414,2026-02-17T12:42:16.945988,40,2,0,CLEARED,377,1522,0.023961
415,2026-02-05T12:42:16.945988,68,8,0,CLEARED,219,1736,0.026697
416,2026-04-10T12:42:16.945988,10,1,0,CLEARED,172,1365,0.020991
417,2026-04-03T12:42:16.945988,58,6,0,CLEARED,274,755,0.012147
418,2026-04-03T12:42:16.945988,71,9,0,CLEARED,103,1622,0.024639
419,2026-04-04T12:42:16.945988,56,12,0,CLEARED,454,163,0.003807
420,2026-03-09T12:42:16.945988,67,7,0,CLEARED,94,381,0.005997
421,2026-03-14T12:42:16.945988,29,13,0,CLEARED,491,1112,0.018153
422,2026-03-15T12:42:16.945988,11,4,0,CLEARED,335,1178,0.018675
423,2026-04-08T12:42:16.945988,17,4,0,CLEARED,324,1142,0.018102
424,2026-02-04T12:42:16.945988,65,6,0,CLEARED,313,1978,0.030609
425,2026-02-01T12:42:16.945988,20,13,0,CLEARED,329,1525,0.023862
426,2026-04-16T12:42:16.945988,44,14,0,CLEARED,298,134,0.002904
427,2026-02-05T12:42:16.945988,11,4,0,CLEARED,338,1629,0.025449
428,2026-02-25T12:42:16.945988,34,5,0,CLEARED,402,1221,0.019521
429,2026-03-13T12:42:16.945988,4,4,0,CLEARED,331,1167,0.018498
430,2026-01-22T12:42:16.945988,39,4,0,CLEARED,422,1703,0.026811
431,2026-04-12T12:42:16.945988,52,12,0,CLEARED,47,1460,0.022041
432,2026-03-24T12:42:16.945988,21,12,0,CLEARED,257,1001,0.015786
433,2026-03-10T12:42:16.945988,44,14,0,CLEARED,170,1814,0.02772
434,2026-03-03T12:42:16.945988,45,3,1,BLOCKED,76,1607,0.024333
435,2026-02-19T12:42:16.945988,66,11,0,CLEARED,173,545,0.008694
436,2026-04-07T12:42:16.945988,16,9,0,CLEARED,136,338,0.005478
437,2026-01-31T12:42:16.945988,7,15,0,CLEARED,206,1819,0.027903
438,2026-03-30T12:42:16.945988,54,7,0,CLEARED,453,1897,0.029814
439,2026-03-26T12:42:16.945988,42,7,1,BLOCKED,379,690,0.011487
440,2026-02-15T12:42:16.945988,21,12,0,CLEARED,273,1006,0.015909
441,2026-02-28T12:42:16.945988,40,2,0,CLEARED,56,1985,0.029943
442,2026-02-04T12:42:16.945988,65,6,0,CLEARED,133,490,0.007749
443,2026-02-02T12:42:16.945988,46,6,0,CLEARED,154,1063,0.016407
444,2026-04-06T12:42:16.945988,61,7,0,CLEARED,14,1785,0.026817
445,2026-03-04T12:42:16.945988,56,12,0,CLEARED,145,1539,0.02352
446,2026-02-06T12:42:16.945988,52,12,0,CLEARED,215,154,0.002955
447,2026-04-10T12:42:16.945988,72,5,0,CLEARED,293,641,0.010494
448,2026-03-15T12:42:16.945988,50,10,0,CLEARED,401,1176,0.018843
449,2026-03-03T12:42:16.945988,16,9,0,CLEARED,59,856,0.013017
450,2026-04-01T12:42:16.945988,44,14,0,CLEARED,197,1596,0.024531
451,2026-04-14T12:42:16.945988,26,7,0,CLEARED,215,1074,0.016755
452,2026-02-18T12:42:16.945988,6,11,0,CLEARED,375,732,0.012105
453,2026-02-13T12:42:16.945988,67,7,0,CLEARED,320,1879,0.029145
454,2026-03-30T12:42:16.945988,18,10,0,CLEARED,323,702,0.011499
455,2026-03-12T12:42:16.945988,51,3,1,BLOCKED,388,1775,0.027789
456,2026-02-16T12:42:16.945988,44,14,0,CLEARED,270,1140,0.01791
457,2026-03-03T12:42:16.945988,73,10,0,CLEARED,427,84,0.002541
458,2026-03-11T12:42:16.945988,43,8,0,CLEARED,223,1245,0.019344
459,2026-02-04T12:42:16.945988,4,4,0,CLEARED,145,1392,0.021315
460,2026-02-17T12:42:16.945988,74,15,0,CLEARED,36,1245,0.018783
461,2026-03-02T12:42:16.945988,22,6,0,CLEARED,379,1319,0.020922
462,2026-02-05T12:42:16.945988,19,13,0,CLEARED,134,114,0.002112
463,2026-02-25T12:42:16.945988,15,11,0,CLEARED,235,692,0.011085
464,2026-02-14T12:42:16.945988,20,13,0,CLEARED,114,890,0.013692
465,2026-04-12T12:42:16.945988,61,7,1,BLOCKED,386,1539,0.024243
466,2026-01-25T12:42:16.945988,18,10,0,CLEARED,297,715,0.011616
467,2026-02-20T12:42:16.945988,62,2,0,CLEARED,170,404,0.00657
468,2026-01-22T12:42:16.945988,69,5,0,CLEARED,191,1434,0.022083
469,2026-03-15T12:42:16.945988,34,5,0,CLEARED,108,554,0.008634
470,2026-03-14T12:42:16.945988,72,5,0,CLEARED,492,659,0.011361
471,2026-02-17T12:42:16.945988,27,6,0,CLEARED,260,699,0.011265
472,2026-03-15T12:42:16.945988,45,3,0,CLEARED,488,1678,0.026634
473,2026-03-02T12:42:16.945988,37,12,0,CLEARED,356,1162,0.018498
474,2026-04-01T12:42:16.945988,51,3,0,CLEARED,498,1633,0.025989
475,2026-04-09T12:42:16.945988,38,1,0,CLEARED,499,1512,0.024177
476,2026-02-17T12:42:16.945988,45,3,1,BLOCKED,345,575,0.00966
477,2026-02-07T12:42:16.945988,28,10,0,CLEARED,285,605,0.00993
478,2026-02-03T12:42:16.945988,35,10,0,CLEARED,325,1567,0.02448
479,2026-02-11T12:42:16.945988,31,9,0,CLEARED,352,1903,0.029601
480,2026-02-26T12:42:16.945988,29,13,0,CLEARED,36,255,0.003933
481,2026-04-02T12:42:16.945988,43,8,0,CLEARED,61,1445,0.021858
482,2026-02-26T12:42:16.945988,1,11,1,BLOCKED,485,373,0.00705
483,2026-03-14T12:42:16.945988,61,7,0,CLEARED,112,1598,0.024306
484,2026-04-08T12:42:16.945988,42,7,0,CLEARED,40,1909,0.028755
485,2026-04-15T12:42:16.945988,74,15,0,CLEARED,388,1530,0.024114
486,2026-04-15T12:42:16.945988,23,3,0,CLEARED,438,410,0.007464
487,2026-03-13T12:42:16.945988,51,3,0,CLEARED,105,1968,0.029835
488,2026-04-06T12:42:16.945988,5,12,0,CLEARED,300,1284,0.02016
489,2026-02-11T12:42:16.945988,43,8,0,CLEARED,338,1162,0.018444
490,2026-02-14T12:42:16.945988,64,15,1,BLOCKED,78,1792,0.027114
491,2026-03-08T12:42:16.945988,60,13,0,CLEARED,424,280,0.005472
492,2026-03-27T12:42:16.945988,21,12,0,CLEARED,341,576,0.009663
493,2026-02-06T12:42:16.945988,2,1,0,CLEARED,414,654,0.011052
494,2026-02-27T12:42:16.945988,25,2,0,CLEARED,448,1358,0.021714
495,2026-01-24T12:42:16.945988,55,15,0,CLEARED,54,870,0.013212
496,2026-03-09T12:42:16.945988,13,1,0,CLEARED,81,1027,0.015648
497,2026-02-21T12:42:16.945988,32,15,0,CLEARED,206,532,0.008598
498,2026-02-05T12:42:16.945988,35,10,1,BLOCKED,164,1242,0.019122
499,2026-03-20T12:42:16.945988,2,1,0,CLEARED,194,1468,0.022602
500,2026-03-30T12:42:16.945988,8,2,0,CLEARED,248,678,0.010914
501,2026-01-19T12:42:16.945988,52,12,0,CLEARED,482,1883,0.029691
502,2026-03-13T12:42:16.945988,40,2,0,CLEARED,337,1926,0.029901
503,2026-02-17T12:42:16.945988,48,12,0,CLEARED,122,323,0.005211
504,2026-02-25T12:42:16.945988,20,13,0,CLEARED,320,815,0.013185
505,2026-01-24T12:42:16.945988,71,9,1,BLOCKED,397,1150,0.018441
506,2026-02-02T12:42:16.945988,28,10,0,CLEARED,358,1595,0.024999
507,2026-03-04T12:42:16.945988,11,4,0,CLEARED,280,1491,0.023205
508,2026-02-08T12:42:16.945988,10,1,1,BLOCKED,67,176,0.002841
509,2026-03-29T12:42:16.945988,65,6,0,CLEARED,284,356,0.006192
510,2026-01-22T12:42:16.945988,42,7,1,BLOCKED,236,288,0.005028
511,2026-02-13T12:42:16.945988,27,6,0,CLEARED,260,236,0.00432
512,2026-02-13T12:42:16.945988,58,6,0,CLEARED,242,320,0.005526
513,2026-02-19T12:42:16.945988,54,7,0,CLEARED,39,1194,0.018027
514,2026-04-19T12:42:16.945988,40,2,0,CLEARED,212,571,0.009201
515,2026-03-06T12:42:16.945988,28,10,0,CLEARED,33,917,0.013854
516,2026-04-11T12:42:16.945988,9,7,0,CLEARED,40,1964,0.02958
517,2026-04-02T12:42:16.945988,61,7,0,CLEARED,219,418,0.006927
518,2026-02-21T12:42:16.945988,54,7,0,CLEARED,466,833,0.013893
519,2026-02-09T12:42:16.945988,49,11,0,CLEARED,359,1405,0.022152
520,2026-03-28T12:42:16.945988,18,10,0,CLEARED,188,292,0.004944
521,2026-03-22T12:42:16.945988,69,5,0,CLEARED,75,1540,0.023325
522,2026-01-23T12:42:16.945988,1,11,0,CLEARED,162,998,0.015456
523,2026-03-21T12:42:16.945988,70,4,0,CLEARED,204,1736,0.026652
524,2026-03-26T12:42:16.945988,32,15,0,CLEARED,89,614,0.009477
525,2026-01-31T12:42:16.945988,15,11,0,CLEARED,348,908,0.014664
526,2026-02-02T12:42:16.945988,3,5,0,CLEARED,44,256,0.003972
527,2026-04-13T12:42:16.945988,5,12,0,CLEARED,354,1490,0.023412
528,2026-03-21T12:42:16.945988,32,15,0,CLEARED,215,948,0.014865
529,2026-04-12T12:42:16.945988,70,4,0,CLEARED,452,1639,0.025941
530,2026-02-05T12:42:16.945988,18,10,0,CLEARED,158,529,0.008409
531,2026-03-09T12:42:16.945988,41,14,0,CLEARED,405,1427,0.02262
532,2026-02-12T12:42:16.945988,31,9,0,CLEARED,83,1402,0.021279
533,2026-02-07T12:42:16.945988,29,13,0,CLEARED,150,174,0.00306
534,2026-02-15T12:42:16.945988,23,3,0,CLEARED,228,1188,0.018504
535,2026-01-24T12:42:16.945988,7,15,1,BLOCKED,492,1367,0.021981
536,2026-02-25T12:42:16.945988,49,11,0,CLEARED,173,1476,0.022659
537,2026-02-10T12:42:16.945988,53,3,0,CLEARED,202,426,0.006996
538,2026-01-19T12:42:16.945988,61,7,0,CLEARED,125,665,0.01035
539,2026-02-07T12:42:16.945988,19,13,0,CLEARED,478,168,0.003954
540,2026-04-02T12:42:16.945988,53,3,1,BLOCKED,295,1135,0.01791
541,2026-01-27T12:42:16.945988,50,10,0,CLEARED,114,726,0.011232
542,2026-04-08T12:42:16.945988,11,4,1,BLOCKED,443,809,0.013464
543,2026-03-16T12:42:16.945988,69,5,0,CLEARED,107,155,0.002646
544,2026-04-10T12:42:16.945988,49,11,0,CLEARED,318,130,0.002904
545,2026-01-24T12:42:16.945988,25,2,0,CLEARED,310,1533,0.023925
546,2026-03-08T12:42:16.945988,72,5,0,CLEARED,116,1830,0.027798
547,2026-03-26T12:42:16.945988,39,4,1,BLOCKED,17,483,0.007296
548,2026-03-19T12:42:16.945988,16,9,0,CLEARED,396,1030,0.016638
549,2026-03-09T12:42:16.945988,27,6,0,CLEARED,132,1180,0.018096
550,2026-03-05T12:42:16.945988,37,12,0,CLEARED,283,1378,0.021519
551,2026-02-15T12:42:16.945988,40,2,0,CLEARED,272,1857,0.028671
552,2026-03-10T12:42:16.945988,60,13,0,CLEARED,379,1011,0.016302
553,2026-02-06T12:42:16.945988,27,6,0,CLEARED,221,143,0.002808
554,2026-02-08T12:42:16.945988,29,13,0,CLEARED,18,584,0.008814
555,2026-03-31T12:42:16.945988,75,7,0,CLEARED,223,654,0.010479
556,2026-03-19T12:42:16.945988,26,7,0,CLEARED,204,1216,0.018852
557,2026-03-07T12:42:16.945988,64,15,0,CLEARED,493,1452,0.023259
558,2026-01-27T12:42:16.945988,33,2,0,CLEARED,260,1531,0.023745
559,2026-03-05T12:42:16.945988,63,15,0,CLEARED,385,1678,0.026325
560,2026-03-27T12:42:16.945988,22,6,0,CLEARED,289,1050,0.016617
561,2026-02-11T12:42:16.945988,70,4,1,BLOCKED,500,170,0.00405
562,2026-01-24T12:42:16.945988,5,12,0,CLEARED,48,1985,0.029919
563,2026-01-29T12:42:16.945988,7,15,0,CLEARED,221,331,0.005628
564,2026-03-23T12:42:16.945988,30,12,0,CLEARED,87,68,0.001281
565,2026-01-28T12:42:16.945988,65,6,0,CLEARED,40,1315,0.019845
566,2026-02-10T12:42:16.945988,62,2,0,CLEARED,18,63,0.000999
567,2026-03-15T12:42:16.945988,71,9,0,CLEARED,18,1134,0.017064
568,2026-01-20T12:42:16.945988,69,5,1,BLOCKED,18,1078,0.016224
569,2026-04-06T12:42:16.945988,56,12,0,CLEARED,475,417,0.00768
570,2026-01-30T12:42:16.945988,13,1,0,CLEARED,133,443,0.007044
571,2026-02-28T12:42:16.945988,68,8,0,CLEARED,191,597,0.009528
572,2026-02-06T12:42:16.945988,11,4,0,CLEARED,217,990,0.015501
573,2026-01-22T12:42:16.945988,32,15,1,BLOCKED,125,664,0.010335
574,2026-04-15T12:42:16.945988,11,4,0,CLEARED,449,1380,0.022047
575,2026-02-18T12:42:16.945988,12,9,0,CLEARED,203,1181,0.018324
576,2026-04-09T12:42:16.945988,8,2,0,CLEARED,369,400,0.007107
577,2026-03-08T12:42:16.945988,64,15,0,CLEARED,340,1656,0.02586
578,2026-02-11T12:42:16.945988,73,10,1,BLOCKED,58,1882,0.028404
579,2026-01-21T12:42:16.945988,6,11,0,CLEARED,471,1827,0.028818
580,2026-04-10T12:42:16.945988,73,10,0,CLEARED,33,1942,0.029229
581,2026-04-15T12:42:16.945988,36,10,1,BLOCKED,298,1397,0.021849
582,2026-03-24T12:42:16.945988,23,3,1,BLOCKED,171,82,0.001743
583,2026-02-28T12:42:16.945988,19,13,0,CLEARED,374,1731,0.027087
584,2026-02-06T12:42:16.945988,10,1,0,CLEARED,298,542,0.009024
585,2026-03-01T12:42:16.945988,50,10,0,CLEARED,286,729,0.011793
586,2026-04-09T12:42:16.945988,18,10,0,CLEARED,362,1533,0.024081
587,2026-04-07T12:42:16.945988,65,6,0,CLEARED,187,159,0.002946
588,2026-02-01T12:42:16.945988,56,12,0,CLEARED,48,747,0.011349
589,2026-01-28T12:42:16.945988,51,3,1,BLOCKED,177,110,0.002181
590,2026-03-21T12:42:16.945988,35,10,0,CLEARED,240,1054,0.01653
591,2026-03-27T12:42:16.945988,46,6,0,CLEARED,202,934,0.014616
592,2026-01-30T12:42:16.945988,75,7,0,CLEARED,53,1631,0.024624
593,2026-04-09T12:42:16.945988,38,1,0,CLEARED,375,200,0.004125
594,2026-01-28T12:42:16.945988,35,10,0,CLEARED,374,1655,0.025947
595,2026-04-06T12:42:16.945988,20,13,0,CLEARED,172,788,0.012336
596,2026-03-04T12:42:16.945988,12,9,0,CLEARED,167,960,0.014901
597,2026-02-23T12:42:16.945988,35,10,0,CLEARED,54,433,0.006657
598,2026-04-06T12:42:16.945988,58,6,0,CLEARED,272,885,0.014091
599,2026-02-02T12:42:16.945988,4,4,0,CLEARED,293,240,0.004479
600,2026-02-26T12:42:16.945988,42,7,1,BLOCKED,16,647,0.009753
601,2026-02-07T12:42:16.945988,50,10,0,CLEARED,381,1895,0.029568
602,2026-03-02T12:42:16.945988,32,15,0,CLEARED,96,1453,0.022083
603,2026-02-15T12:42:16.945988,22,6,0,CLEARED,164,599,0.009477
604,2026-02-25T12:42:16.945988,19,13,0,CLEARED,232,615,0.009921
605,2026-03-18T12:42:16.945988,39,4,0,CLEARED,49,789,0.011982
606,2026-01-31T12:42:16.945988,32,15,0,CLEARED,263,1266,0.019779
607,2026-04-19T12:42:16.945988,26,7,0,CLEARED,79,673,0.010332
608,2026-03-08T12:42:16.945988,51,3,0,CLEARED,327,828,0.013401
609,2026-01-26T12:42:16.945988,57,4,0,CLEARED,427,1736,0.027321
610,2026-01-21T12:42:16.945988,18,10,0,CLEARED,318,1990,0.030804
611,2026-03-10T12:42:16.945988,26,7,0,CLEARED,100,865,0.013275
612,2026-02-05T12:42:16.945988,38,1,0,CLEARED,334,1055,0.016827
613,2026-02-28T12:42:16.945988,32,15,0,CLEARED,153,1722,0.026289
614,2026-02-03T12:42:16.945988,47,11,0,CLEARED,298,459,0.007779
615,2026-04-16T12:42:16.945988,70,4,0,CLEARED,403,1176,0.018849
616,2026-03-13T12:42:16.945988,60,13,1,BLOCKED,117,947,0.014556
617,2026-02-26T12:42:16.945988,9,7,0,CLEARED,417,1678,0.026421
618,2026-03-18T12:42:16.945988,64,15,0,CLEARED,165,545,0.00867
619,2026-04-10T12:42:16.945988,20,13,0,CLEARED,414,822,0.013572
620,2026-02-27T12:42:16.945988,58,6,1,BLOCKED,255,1242,0.019395
621,2026-01-21T12:42:16.945988,69,5,0,CLEARED,481,1831,0.028908
622,2026-01-20T12:42:16.945988,54,7,0,CLEARED,414,786,0.013032
623,2026-04-06T12:42:16.945988,69,5,0,CLEARED,478,224,0.004794
624,2026-01-27T12:42:16.945988,32,15,0,CLEARED,191,390,0.006423
625,2026-01-27T12:42:16.945988,6,11,0,CLEARED,340,1437,0.022575
626,2026-02-23T12:42:16.945988,52,12,1,BLOCKED,179,1680,0.025737
627,2026-02-13T12:42:16.945988,14,4,0,CLEARED,142,504,0.007986
628,2026-03-22T12:42:16.945988,67,7,0,CLEARED,362,1228,0.019506
629,2026-01-23T12:42:16.945988,58,6,0,CLEARED,247,1631,0.025206
630,2026-04-06T12:42:16.945988,65,6,0,CLEARED,22,1038,0.015636
631,2026-04-01T12:42:16.945988,38,1,0,CLEARED,53,287,0.004464
632,2026-03-24T12:42:16.945988,45,3,0,CLEARED,243,1656,0.025569
633,2026-02-22T12:42:16.945988,67,7,0,CLEARED,253,249,0.004494
634,2026-01-19T12:42:16.945988,58,6,0,CLEARED,163,141,0.002604
635,2026-04-06T12:42:16.945988,15,11,0,CLEARED,185,1377,0.02121
636,2026-02-12T12:42:16.945988,22,6,1,BLOCKED,389,549,0.009402
637,2026-02-24T12:42:16.945988,23,3,0,CLEARED,179,1196,0.018477
638,2026-03-27T12:42:16.945988,60,13,0,CLEARED,217,1339,0.020736
639,2026-04-16T12:42:16.945988,24,13,0,CLEARED,231,860,0.013593
640,2026-04-19T12:42:16.945988,26,7,0,CLEARED,229,846,0.013377
641,2026-04-11T12:42:16.945988,28,10,0,CLEARED,395,1491,0.02355
642,2026-03-27T12:42:16.945988,74,15,0,CLEARED,456,1149,0.018603
643,2026-03-17T12:42:16.945988,47,11,0,CLEARED,244,283,0.004977
644,2026-02-02T12:42:16.945988,63,15,0,CLEARED,337,691,0.011376
645,2026-03-06T12:42:16.945988,50,10,0,CLEARED,310,283,0.005175
646,2026-01-23T12:42:16.945988,46,6,0,CLEARED,326,403,0.007023
647,2026-01-23T12:42:16.945988,39,4,1,BLOCKED,312,223,0.004281
648,2026-04-05T12:42:16.945988,18,10,0,CLEARED,132,675,0.010521
649,2026-03-01T12:42:16.945988,24,13,0,CLEARED,82,1096,0.016686
650,2026-02-24T12:42:16.945988,54,7,0,CLEARED,304,835,0.013437
651,2026-01-27T12:42:16.945988,24,13,0,CLEARED,285,1470,0.022905
652,2026-04-02T12:42:16.945988,23,3,0,CLEARED,260,641,0.010395
653,2026-04-13T12:42:16.945988,24,13,0,CLEARED,240,1318,0.02049
654,2026-03-26T12:42:16.945988,46,6,1,BLOCKED,258,329,0.005709
655,2026-02-15T12:42:16.945988,50,10,1,BLOCKED,268,1387,0.021609
656,2026-02-22T12:42:16.945988,53,3,0,CLEARED,222,1504,0.023226
657,2026-03-22T12:42:16.945988,63,15,0,CLEARED,299,113,0.002592
658,2026-03-14T12:42:16.945988,38,1,0,CLEARED,125,1151,0.01764
659,2026-02-15T12:42:16.945988,22,6,0,CLEARED,299,1570,0.024447
660,2026-03-16T12:42:16.945988,71,9,0,CLEARED,303,283,0.005154
661,2026-04-14T12:42:16.945988,70,4,0,CLEARED,197,1160,0.017991
662,2026-01-26T12:42:16.945988,57,4,0,CLEARED,227,259,0.004566
663,2026-03-17T12:42:16.945988,32,15,0,CLEARED,26,971,0.014643
664,2026-04-04T12:42:16.945988,45,3,1,BLOCKED,54,949,0.014397
665,2026-01-21T12:42:16.945988,31,9,0,CLEARED,387,1254,0.019971
666,2026-02-24T12:42:16.945988,45,3,1,BLOCKED,322,1345,0.021141
667,2026-03-24T12:42:16.945988,22,6,0,CLEARED,411,473,0.008328
668,2026-02-02T12:42:16.945988,8,2,0,CLEARED,282,625,0.010221
669,2026-03-13T12:42:16.945988,69,5,0,CLEARED,370,649,0.010845
670,2026-01-23T12:42:16.945988,74,15,0,CLEARED,449,1103,0.017892
671,2026-02-26T12:42:16.945988,13,1,0,CLEARED,394,1659,0.026067
672,2026-04-03T12:42:16.946988,8,2,1,BLOCKED,453,1393,0.022254
673,2026-03-19T12:42:16.946988,17,4,0,CLEARED,374,709,0.011757
674,2026-03-16T12:42:16.946988,51,3,0,CLEARED,305,1345,0.02109
675,2026-04-08T12:42:16.946988,54,7,0,CLEARED,48,1347,0.020349
676,2026-03-03T12:42:16.946988,52,12,0,CLEARED,152,1472,0.022536
677,2026-04-19T12:42:16.946988,59,4,1,BLOCKED,177,1241,0.019146
678,2026-01-24T12:42:16.946988,12,9,0,CLEARED,244,1350,0.020982
679,2026-02-28T12:42:16.946988,46,6,1,BLOCKED,417,1144,0.018411
680,2026-02-15T12:42:16.946988,28,10,1,BLOCKED,432,483,0.008541
681,2026-02-08T12:42:16.946988,35,10,0,CLEARED,155,741,0.01158
682,2026-03-07T12:42:16.946988,74,15,0,CLEARED,446,1043,0.016983
683,2026-02-20T12:42:16.946988,7,15,0,CLEARED,330,1655,0.025815
684,2026-02-22T12:42:16.946988,3,5,0,CLEARED,449,373,0.006942
685,2026-03-25T12:42:16.946988,59,4,0,CLEARED,500,926,0.01539
686,2026-03-15T12:42:16.946988,17,4,1,BLOCKED,164,375,0.006117
687,2026-03-03T12:42:16.946988,12,9,0,CLEARED,138,218,0.003684
688,2026-01-20T12:42:16.946988,22,6,0,CLEARED,330,675,0.011115
689,2026-04-07T12:42:16.946988,30,12,0,CLEARED,56,1491,0.022533
690,2026-02-03T12:42:16.946988,1,11,0,CLEARED,49,321,0.004962
691,2026-04-18T12:42:16.946988,29,13,0,CLEARED,237,69,0.001746
692,2026-01-21T12:42:16.946988,44,14,0,CLEARED,450,914,0.01506
693,2026-04-08T12:42:16.946988,17,4,0,CLEARED,127,834,0.012891
694,2026-03-12T12:42:16.946988,14,4,0,CLEARED,198,1854,0.028404
695,2026-04-02T12:42:16.946988,18,10,0,CLEARED,426,1592,0.025158
696,2026-01-31T12:42:16.946988,19,13,0,CLEARED,298,67,0.001899
697,2026-01-29T12:42:16.946988,22,6,0,CLEARED,379,486,0.008427
698,2026-02-22T12:42:16.946988,20,13,1,BLOCKED,325,1456,0.022815
699,2026-04-04T12:42:16.946988,28,10,0,CLEARED,61,336,0.005223
700,2026-04-02T12:42:16.946988,50,10,0,CLEARED,229,694,0.011097
701,2026-02-08T12:42:16.946988,32,15,0,CLEARED,53,558,0.008529
702,2026-01-25T12:42:16.946988,37,12,0,CLEARED,363,104,0.002649
703,2026-03-26T12:42:16.946988,39,4,0,CLEARED,320,1093,0.017355
704,2026-03-20T12:42:16.946988,51,3,0,CLEARED,37,1655,0.024936
705,2026-01-28T12:42:16.946988,64,15,0,CLEARED,133,1073,0.016494
706,2026-03-10T12:42:16.946988,10,1,0,CLEARED,16,789,0.011883
707,2026-02-25T12:42:16.946988,17,4,0,CLEARED,439,1214,0.019527
708,2026-02-18T12:42:16.946988,47,11,0,CLEARED,98,1612,0.024474
709,2026-03-17T12:42:16.946988,10,1,0,CLEARED,44,78,0.001302
710,2026-02-28T12:42:16.946988,28,10,0,CLEARED,40,1992,0.03
711,2026-02-25T12:42:16.946988,65,6,0,CLEARED,374,1076,0.017262
712,2026-02-10T12:42:16.946988,55,15,0,CLEARED,52,1361,0.020571
713,2026-03-11T12:42:16.946988,69,5,0,CLEARED,152,221,0.003771
714,2026-03-31T12:42:16.946988,11,4,0,CLEARED,114,1704,0.025902
715,2026-01-26T12:42:16.946988,69,5,0,CLEARED,310,1349,0.021165
716,2026-03-20T12:42:16.946988,9,7,0,CLEARED,233,1544,0.023859
717,2026-04-05T12:42:16.946988,8,2,0,CLEARED,483,939,0.015534
718,2026-01-24T12:42:16.946988,59,4,0,CLEARED,38,683,0.010359
719,2026-01-20T12:42:16.946988,23,3,0,CLEARED,372,331,0.006081
720,2026-02-12T12:42:16.946988,2,1,0,CLEARED,497,760,0.012891
721,2026-03-29T12:42:16.946988,67,7,0,CLEARED,379,580,0.009837
722,2026-03-16T12:42:16.946988,48,12,0,CLEARED,409,1838,0.028797
723,2026-02-24T12:42:16.946988,16,9,0,CLEARED,25,736,0.011115
724,2026-02-05T12:42:16.946988,35,10,0,CLEARED,144,1508,0.023052
725,2026-04-12T12:42:16.946988,10,1,0,CLEARED,271,787,0.012618
726,2026-03-30T12:42:16.946988,64,15,1,BLOCKED,95,803,0.01233
727,2026-01-23T12:42:16.946988,33,2,0,CLEARED,467,1225,0.019776
728,2026-04-14T12:42:16.946988,15,11,0,CLEARED,270,55,0.001635
729,2026-03-01T12:42:16.946988,2,1,0,CLEARED,251,795,0.012678
730,2026-02-08T12:42:16.946988,20,13,0,CLEARED,449,122,0.003177
731,2026-03-10T12:42:16.946988,54,7,0,CLEARED,137,902,0.013941
732,2026-04-04T12:42:16.946988,35,10,0,CLEARED,302,813,0.013101
733,2026-03-22T12:42:16.946988,65,6,0,CLEARED,36,417,0.006363
734,2026-04-11T12:42:16.946988,67,7,1,BLOCKED,498,871,0.014559
735,2026-03-11T12:42:16.946988,60,13,1,BLOCKED,406,1780,0.027918
736,2026-03-03T12:42:16.946988,42,7,0,CLEARED,243,66,0.001719
737,2026-01-30T12:42:16.946988,26,7,0,CLEARED,411,672,0.011313
738,2026-03-25T12:42:16.946988,32,15,0,CLEARED,312,1060,0.016836
739,2026-04-19T12:42:16.946988,70,4,0,CLEARED,135,358,0.005775
740,2026-01-28T12:42:16.946988,53,3,0,CLEARED,287,759,0.012246
741,2026-01-25T12:42:16.946988,2,1,1,BLOCKED,10,1604,0.02409
742,2026-04-06T12:42:16.946988,49,11,0,CLEARED,382,679,0.011331
743,2026-02-16T12:42:16.946988,27,6,0,CLEARED,131,909,0.014028
744,2026-03-15T12:42:16.946988,8,2,1,BLOCKED,82,1507,0.022851
745,2026-02-12T12:42:16.946988,12,9,0,CLEARED,128,1887,0.028689
746,2026-04-09T12:42:16.946988,53,3,0,CLEARED,200,988,0.01542
747,2026-02-28T12:42:16.946988,75,7,0,CLEARED,78,1355,0.020559
748,2026-01-25T12:42:16.946988,10,1,0,CLEARED,41,940,0.014223
749,2026-03-10T12:42:16.946988,17,4,0,CLEARED,143,1792,0.027309
750,2026-03-10T12:42:16.946988,51,3,0,CLEARED,386,718,0.011928
751,2026-03-25T12:42:16.946988,58,6,0,CLEARED,48,1982,0.029874
752,2026-03-31T12:42:16.946988,18,10,0,CLEARED,309,273,0.005022
753,2026-02-26T12:42:16.946988,14,4,0,CLEARED,248,693,0.011139
754,2026-02-21T12:42:16.946988,16,9,0,CLEARED,404,475,0.008337
755,2026-04-08T12:42:16.946988,40,2,0,CLEARED,446,295,0.005763
756,2026-01-19T12:42:16.946988,21,12,0,CLEARED,165,1742,0.026625
757,2026-04-01T12:42:16.946988,6,11,0,CLEARED,448,721,0.012159
758,2026-02-13T12:42:16.946988,12,9,0,CLEARED,192,861,0.013491
759,2026-03-28T12:42:16.946988,7,15,0,CLEARED,143,1729,0.026364
760,2026-02-07T12:42:16.946988,4,4,1,BLOCKED,447,976,0.015981
761,2026-04-02T12:42:16.946988,71,9,0,CLEARED,246,258,0.004608
762,2026-03-22T12:42:16.946988,16,9,0,CLEARED,435,1649,0.02604
763,2026-01-22T12:42:16.946988,17,4,0,CLEARED,215,812,0.012825
764,2026-04-10T12:42:16.946988,11,4,0,CLEARED,142,1928,0.029346
765,2026-01-27T12:42:16.946988,3,5,1,BLOCKED,111,1898,0.028803
766,2026-03-08T12:42:16.946988,57,4,0,CLEARED,57,1903,0.028716
767,2026-03-29T12:42:16.946988,16,9,0,CLEARED,246,153,0.003033
768,2026-02-15T12:42:16.946988,74,15,0,CLEARED,380,858,0.01401
769,2026-03-05T12:42:16.946988,4,4,0,CLEARED,228,403,0.006729
770,2026-02-21T12:42:16.946988,28,10,1,BLOCKED,150,623,0.009795
771,2026-03-19T12:42:16.946988,20,13,0,CLEARED,327,1313,0.020676
772,2026-02-17T12:42:16.946988,38,1,0,CLEARED,461,1177,0.019038
773,2026-02-25T12:42:16.946988,8,2,0,CLEARED,206,331,0.005583
774,2026-03-19T12:42:16.946988,26,7,0,CLEARED,418,1126,0.018144
775,2026-03-05T12:42:16.946988,70,4,0,CLEARED,205,1651,0.02538
776,2026-02-06T12:42:16.946988,62,2,0,CLEARED,258,754,0.012084
777,2026-04-16T12:42:16.946988,65,6,0,CLEARED,148,418,0.006714
778,2026-03-15T12:42:16.946988,41,14,0,CLEARED,25,1884,0.028335
779,2026-03-05T12:42:16.946988,8,2,0,CLEARED,251,1134,0.017763
780,2026-03-19T12:42:16.946988,75,7,1,BLOCKED,91,255,0.004098
781,2026-04-12T12:42:16.946988,31,9,0,CLEARED,427,1670,0.026331
782,2026-03-05T12:42:16.946988,29,13,0,CLEARED,418,845,0.013929
783,2026-01-20T12:42:16.946988,23,3,0,CLEARED,313,701,0.011454
784,2026-01-20T12:42:16.946988,46,6,1,BLOCKED,24,1490,0.022422
785,2026-02-06T12:42:16.946988,46,6,1,BLOCKED,298,341,0.006009
786,2026-02-15T12:42:16.946988,25,2,0,CLEARED,424,1855,0.029097
787,2026-04-08T12:42:16.946988,70,4,0,CLEARED,261,127,0.002688
788,2026-02-11T12:42:16.946988,8,2,0,CLEARED,122,90,0.001716
789,2026-03-25T12:42:16.946988,62,2,0,CLEARED,479,1307,0.021042
790,2026-03-09T12:42:16.946988,17,4,0,CLEARED,100,1931,0.029265
791,2026-04-01T12:42:16.946988,8,2,0,CLEARED,310,1493,0.023325
792,2026-04-10T12:42:16.946988,15,11,0,CLEARED,450,797,0.013305
793,2026-02-03T12:42:16.946988,48,12,0,CLEARED,349,860,0.013947
794,2026-03-30T12:42:16.946988,13,1,0,CLEARED,175,329,0.00546
795,2026-03-10T12:42:16.946988,56,12,0,CLEARED,259,1379,0.021462
796,2026-01-31T12:42:16.946988,23,3,0,CLEARED,297,1470,0.022941
797,2026-03-28T12:42:16.946988,46,6,0,CLEARED,311,1718,0.026703
798,2026-04-03T12:42:16.946988,49,11,0,CLEARED,362,653,0.010881
799,2026-02-05T12:42:16.946988,23,3,0,CLEARED,495,1487,0.02379
800,2026-04-15T12:42:16.946988,51,3,1,BLOCKED,404,1212,0.019392
801,2026-01-31T12:42:16.946988,24,13,0,CLEARED,481,1706,0.027033
802,2026-02-15T12:42:16.946988,29,13,0,CLEARED,63,1968,0.029709
803,2026-03-06T12:42:16.946988,19,13,0,CLEARED,49,537,0.008202
804,2026-01-19T12:42:16.946988,41,14,0,CLEARED,463,231,0.004854
805,2026-03-19T12:42:16.946988,43,8,0,CLEARED,145,479,0.00762
806,2026-04-19T12:42:16.946988,9,7,0,CLEARED,412,271,0.005301
807,2026-03-29T12:42:16.946988,7,15,0,CLEARED,385,909,0.01479
808,2026-02-09T12:42:16.946988,53,3,0,CLEARED,203,769,0.012144
809,2026-02-05T12:42:16.946988,49,11,0,CLEARED,255,1665,0.02574
810,2026-04-15T12:42:16.946988,29,13,0,CLEARED,47,1686,0.025431
811,2026-04-06T12:42:16.946988,38,1,0,CLEARED,143,1999,0.030414
812,2026-03-30T12:42:16.946988,10,1,0,CLEARED,464,818,0.013662
813,2026-03-07T12:42:16.946988,10,1,0,CLEARED,469,240,0.005007
814,2026-01-26T12:42:16.946988,62,2,0,CLEARED,230,1980,0.03039
815,2026-04-13T12:42:16.946988,22,6,0,CLEARED,232,371,0.006261
816,2026-01-20T12:42:16.946988,13,1,0,CLEARED,107,888,0.013641
817,2026-03-17T12:42:16.946988,71,9,0,CLEARED,383,1156,0.018489
818,2026-02-28T12:42:16.946988,37,12,0,CLEARED,59,151,0.002442
819,2026-04-13T12:42:16.946988,74,15,0,CLEARED,261,364,0.006243
820,2026-01-25T12:42:16.946988,47,11,0,CLEARED,54,653,0.009957
821,2026-03-29T12:42:16.946988,62,2,0,CLEARED,23,473,0.007164
822,2026-04-05T12:42:16.946988,38,1,1,BLOCKED,252,1778,0.027426
823,2026-01-25T12:42:16.946988,40,2,0,CLEARED,251,1051,0.016518
824,2026-03-27T12:42:16.946988,34,5,0,CLEARED,288,843,0.013509
825,2026-02-21T12:42:16.946988,48,12,1,BLOCKED,199,432,0.007077
826,2026-03-22T12:42:16.946988,6,11,0,CLEARED,248,589,0.009579
827,2026-01-20T12:42:16.946988,35,10,0,CLEARED,87,1590,0.024111
828,2026-02-09T12:42:16.946988,13,1,0,CLEARED,186,1705,0.026133
829,2026-02-08T12:42:16.946988,53,3,1,BLOCKED,311,515,0.008658
830,2026-02-25T12:42:16.946988,8,2,0,CLEARED,429,1120,0.018087
831,2026-02-05T12:42:16.946988,69,5,0,CLEARED,489,1022,0.016797
832,2026-04-15T12:42:16.946988,31,9,0,CLEARED,50,858,0.01302
833,2026-02-05T12:42:16.946988,65,6,0,CLEARED,274,1689,0.026157
834,2026-03-28T12:42:16.946988,19,13,0,CLEARED,397,969,0.015726
835,2026-04-03T12:42:16.946988,22,6,1,BLOCKED,423,444,0.007929
836,2026-03-25T12:42:16.946988,6,11,0,CLEARED,359,941,0.015192
837,2026-04-11T12:42:16.946988,19,13,0,CLEARED,142,704,0.010986
838,2026-03-09T12:42:16.946988,12,9,0,CLEARED,213,1180,0.018339
839,2026-04-18T12:42:16.946988,36,10,0,CLEARED,479,1838,0.029007
840,2026-03-31T12:42:16.946988,67,7,0,CLEARED,67,898,0.013671
841,2026-04-07T12:42:16.946988,19,13,0,CLEARED,308,1603,0.024969
842,2026-03-14T12:42:16.946988,14,4,0,CLEARED,61,1659,0.025068
843,2026-03-17T12:42:16.946988,69,5,1,BLOCKED,459,891,0.014742
844,2026-02-18T12:42:16.946988,50,10,0,CLEARED,302,1297,0.020361
845,2026-01-30T12:42:16.946988,5,12,0,CLEARED,216,344,0.005808
846,2026-03-08T12:42:16.946988,52,12,0,CLEARED,465,1850,0.029145
847,2026-03-16T12:42:16.946988,31,9,0,CLEARED,253,1935,0.029784
848,2026-03-12T12:42:16.946988,48,12,0,CLEARED,428,1675,0.026409
849,2026-01-20T12:42:16.946988,40,2,0,CLEARED,261,1807,0.027888
850,2026-03-12T12:42:16.946988,13,1,1,BLOCKED,126,325,0.005253
851,2026-02-25T12:42:16.946988,57,4,0,CLEARED,174,601,0.009537
852,2026-02-26T12:42:16.946988,12,9,0,CLEARED,118,1920,0.029154
853,2026-04-12T12:42:16.946988,63,15,0,CLEARED,454,815,0.013587
854,2026-01-19T12:42:16.946988,66,11,0,CLEARED,43,687,0.010434
855,2026-02-11T12:42:16.946988,65,6,0,CLEARED,409,1793,0.028122
856,2026-03-25T12:42:16.946988,73,10,0,CLEARED,108,1842,0.027954
857,2026-03-04T12:42:16.946988,8,2,0,CLEARED,243,153,0.003024
858,2026-02-14T12:42:16.946988,26,7,0,CLEARED,431,1000,0.016293
859,2026-04-16T12:42:16.946988,51,3,0,CLEARED,73,1445,0.021894
860,2026-03-28T12:42:16.946988,31,9,0,CLEARED,314,963,0.015387
861,2026-03-30T12:42:16.946988,61,7,0,CLEARED,189,755,0.011892
862,2026-03-14T12:42:16.946988,34,5,0,CLEARED,362,235,0.004611
863,2026-02-05T12:42:16.946988,4,4,0,CLEARED,93,1798,0.027249
864,2026-01-23T12:42:16.946988,28,10,1,BLOCKED,341,511,0.008688
865,2026-04-17T12:42:16.946988,27,6,0,CLEARED,219,1101,0.017172
866,2026-03-28T12:42:16.946988,2,1,0,CLEARED,77,1375,0.020856
867,2026-03-11T12:42:16.946988,2,1,0,CLEARED,321,1698,0.026433
868,2026-03-06T12:42:16.946988,36,10,0,CLEARED,202,1794,0.027516
869,2026-01-23T12:42:16.946988,59,4,0,CLEARED,248,668,0.010764
870,2026-04-06T12:42:16.946988,67,7,0,CLEARED,213,1247,0.019344
871,2026-03-03T12:42:16.946988,1,11,0,CLEARED,349,1777,0.027702
872,2026-03-12T12:42:16.946988,72,5,0,CLEARED,321,628,0.010383
873,2026-01-28T12:42:16.946988,14,4,0,CLEARED,182,616,0.009786
874,2026-01-26T12:42:16.946988,42,7,1,BLOCKED,143,1393,0.021324
875,2026-03-20T12:42:16.946988,39,4,0,CLEARED,274,1617,0.025077
876,2026-02-02T12:42:16.946988,8,2,0,CLEARED,420,1708,0.02688
877,2026-04-16T12:42:16.946988,52,12,0,CLEARED,358,336,0.006114
878,2026-02-25T12:42:16.946988,64,15,1,BLOCKED,142,1907,0.029031
879,2026-01-19T12:42:16.946988,52,12,0,CLEARED,28,1244,0.018744
880,2026-03-22T12:42:16.946988,74,15,0,CLEARED,185,1537,0.02361
881,2026-01-24T12:42:16.946988,69,5,0,CLEARED,253,1906,0.029349
882,2026-01-25T12:42:16.946988,46,6,0,CLEARED,442,398,0.007296
883,2026-04-03T12:42:16.946988,72,5,0,CLEARED,59,1014,0.015387
884,2026-03-27T12:42:16.946988,34,5,0,CLEARED,296,1612,0.025068
885,2026-03-22T12:42:16.946988,43,8,0,CLEARED,123,777,0.012024
886,2026-03-03T12:42:16.946988,40,2,0,CLEARED,464,728,0.012312
887,2026-04-04T12:42:16.946988,34,5,0,CLEARED,247,1793,0.027636
888,2026-02-04T12:42:16.946988,61,7,0,CLEARED,334,1245,0.019677
889,2026-04-04T12:42:16.946988,10,1,0,CLEARED,109,1074,0.016437
890,2026-03-31T12:42:16.946988,49,11,0,CLEARED,221,160,0.003063
891,2026-02-06T12:42:16.946988,18,10,1,BLOCKED,185,888,0.013875
892,2026-03-27T12:42:16.946988,59,4,0,CLEARED,451,1515,0.024078
893,2026-03-10T12:42:16.946988,11,4,0,CLEARED,333,412,0.007179
894,2026-03-29T12:42:16.946988,8,2,0,CLEARED,150,478,0.00762
895,2026-04-08T12:42:16.946988,74,15,0,CLEARED,260,1658,0.02565
896,2026-02-27T12:42:16.946988,17,4,0,CLEARED,334,929,0.014937
897,2026-04-15T12:42:16.946988,55,15,1,BLOCKED,206,59,0.001503
898,2026-04-18T12:42:16.946988,69,5,0,CLEARED,201,1995,0.030528
899,2026-04-17T12:42:16.946988,42,7,0,CLEARED,281,440,0.007443
900,2026-01-21T12:42:16.946988,1,11,0,CLEARED,137,513,0.008106
901,2026-02-14T12:42:16.946988,45,3,0,CLEARED,62,835,0.012711
902,2026-03-12T12:42:16.946988,40,2,0,CLEARED,431,143,0.003438
903,2026-02-11T12:42:16.946988,38,1,0,CLEARED,276,1271,0.019893
904,2026-03-07T12:42:16.946988,44,14,0,CLEARED,361,324,0.005943
905,2026-02-27T12:42:16.946988,63,15,0,CLEARED,106,387,0.006123
906,2026-03-23T12:42:16.946988,3,5,0,CLEARED,382,318,0.005916
907,2026-03-04T12:42:16.946988,3,5,0,CLEARED,96,302,0.004818
908,2026-02-10T12:42:16.946988,5,12,0,CLEARED,337,573,0.009606
909,2026-04-06T12:42:16.946988,7,15,0,CLEARED,34,1405,0.021177
910,2026-02-22T12:42:16.946988,3,5,0,CLEARED,69,903,0.013752
911,2026-01-20T12:42:16.946988,49,11,0,CLEARED,139,1021,0.015732
912,2026-04-18T12:42:16.946988,20,13,0,CLEARED,361,1340,0.021183
913,2026-02-12T12:42:16.946988,39,4,0,CLEARED,61,1406,0.021273
914,2026-02-25T12:42:16.946988,35,10,0,CLEARED,368,330,0.006054
915,2026-03-14T12:42:16.946988,14,4,0,CLEARED,326,291,0.005343
916,2026-02-01T12:42:16.946988,15,11,0,CLEARED,264,456,0.007632
917,2026-03-25T12:42:16.946988,26,7,0,CLEARED,435,1121,0.01812
918,2026-04-14T12:42:16.946988,46,6,0,CLEARED,161,378,0.006153
919,2026-02-17T12:42:16.946988,71,9,0,CLEARED,116,1459,0.022233
920,2026-04-08T12:42:16.946988,43,8,0,CLEARED,16,1425,0.021423
921,2026-03-31T12:42:16.946988,15,11,0,CLEARED,352,1061,0.016971
922,2026-04-07T12:42:16.946988,12,9,0,CLEARED,48,1531,0.023109
923,2026-03-17T12:42:16.946988,33,2,0,CLEARED,243,656,0.010569
924,2026-04-14T12:42:16.946988,60,13,0,CLEARED,426,407,0.007383
925,2026-02-24T12:42:16.946988,38,1,0,CLEARED,356,690,0.011418
926,2026-04-14T12:42:16.946988,15,11,0,CLEARED,398,1873,0.029289
927,2026-03-29T12:42:16.946988,2,1,1,BLOCKED,349,1375,0.021672
928,2026-03-16T12:42:16.946988,43,8,0,CLEARED,234,1323,0.020547
929,2026-04-05T12:42:16.946988,12,9,0,CLEARED,185,424,0.006915
930,2026-03-01T12:42:16.946988,52,12,0,CLEARED,243,606,0.009819
931,2026-03-29T12:42:16.946988,62,2,0,CLEARED,342,1864,0.028986
932,2026-03-30T12:42:16.946988,15,11,0,CLEARED,381,170,0.003693
933,2026-02-06T12:42:16.946988,14,4,0,CLEARED,312,1038,0.016506
934,2026-03-05T12:42:16.946988,57,4,0,CLEARED,204,1645,0.025287
935,2026-04-03T12:42:16.946988,4,4,1,BLOCKED,460,1767,0.027885
936,2026-02-26T12:42:16.946988,62,2,1,BLOCKED,67,1867,0.028206
937,2026-03-10T12:42:16.946988,57,4,0,CLEARED,143,1391,0.021294
938,2026-02-05T12:42:16.946988,2,1,0,CLEARED,357,1124,0.017931
939,2026-03-07T12:42:16.946988,73,10,0,CLEARED,499,1421,0.022812
940,2026-04-07T12:42:16.946988,67,7,0,CLEARED,368,1316,0.020844
941,2026-03-06T12:42:16.946988,56,12,0,CLEARED,137,1036,0.015951
942,2026-01-31T12:42:16.946988,50,10,0,CLEARED,433,1193,0.019194
943,2026-02-14T12:42:16.946988,7,15,0,CLEARED,488,371,0.007029
944,2026-04-10T12:42:16.946988,61,7,1,BLOCKED,455,388,0.007185
945,2026-04-13T12:42:16.946988,63,15,0,CLEARED,179,619,0.009822
946,2026-02-27T12:42:16.946988,65,6,0,CLEARED,339,825,0.013392
947,2026-02-05T12:42:16.946988,31,9,0,CLEARED,237,1690,0.026061
948,2026-03-10T12:42:16.946988,58,6,0,CLEARED,265,965,0.01527
949,2026-04-17T12:42:16.946988,16,9,1,BLOCKED,391,1388,0.021993
950,2026-02-08T12:42:16.946988,14,4,0,CLEARED,28,1191,0.017949
951,2026-01-30T12:42:16.946988,1,11,0,CLEARED,415,1287,0.02055
952,2026-01-26T12:42:16.946988,39,4,1,BLOCKED,297,473,0.007986
953,2026-04-13T12:42:16.946988,59,4,1,BLOCKED,196,1740,0.026688
954,2026-01-30T12:42:16.946988,29,13,0,CLEARED,179,1197,0.018492
955,2026-02-21T12:42:16.946988,61,7,0,CLEARED,196,1516,0.023328
956,2026-04-19T12:42:16.946988,15,11,0,CLEARED,347,504,0.008601
957,2026-03-13T12:42:16.946988,44,14,0,CLEARED,334,1688,0.026322
958,2026-04-14T12:42:16.946988,71,9,0,CLEARED,369,267,0.005112
959,2026-02-26T12:42:16.946988,22,6,0,CLEARED,430,1518,0.02406
960,2026-04-04T12:42:16.946988,14,4,0,CLEARED,110,434,0.00684
961,2026-03-26T12:42:16.946988,51,3,0,CLEARED,432,1650,0.026046
962,2026-01-28T12:42:16.946988,44,14,0,CLEARED,222,145,0.002841
963,2026-01-25T12:42:16.946988,16,9,0,CLEARED,240,986,0.01551
964,2026-02-11T12:42:16.946988,65,6,0,CLEARED,265,58,0.001665
965,2026-02-04T12:42:16.946988,7,15,0,CLEARED,231,1767,0.027198
966,2026-03-28T12:42:16.946988,62,2,1,BLOCKED,409,1936,0.030267
967,2026-04-06T12:42:16.946988,75,7,0,CLEARED,427,312,0.005961
968,2026-03-09T12:42:16.946988,50,10,0,CLEARED,320,1857,0.028815
969,2026-01-21T12:42:16.946988,65,6,1,BLOCKED,224,1297,0.020127
970,2026-02-21T12:42:16.946988,32,15,0,CLEARED,185,652,0.010335
971,2026-02-13T12:42:16.946988,18,10,0,CLEARED,318,1483,0.023199
972,2026-03-10T12:42:16.946988,39,4,0,CLEARED,290,1812,0.02805
973,2026-01-30T12:42:16.946988,71,9,0,CLEARED,112,479,0.007521
974,2026-04-03T12:42:16.946988,38,1,0,CLEARED,481,1427,0.022848
975,2026-03-09T12:42:16.946988,23,3,0,CLEARED,365,1354,0.021405
976,2026-02-04T12:42:16.946988,15,11,0,CLEARED,297,1033,0.016386
977,2026-01-23T12:42:16.946988,74,15,1,BLOCKED,373,904,0.014679
978,2026-04-18T12:42:16.946988,69,5,0,CLEARED,443,915,0.015054
979,2026-04-13T12:42:16.946988,67,7,0,CLEARED,205,347,0.00582
980,2026-03-30T12:42:16.946988,8,2,0,CLEARED,394,1658,0.026052
981,2026-04-12T12:42:16.946988,37,12,0,CLEARED,84,1769,0.026787
982,2026-03-05T12:42:16.946988,38,1,0,CLEARED,287,116,0.002601
983,2026-02-07T12:42:16.946988,58,6,0,CLEARED,454,1433,0.022857
984,2026-03-20T12:42:16.946988,29,13,0,CLEARED,297,846,0.013581
985,2026-03-14T12:42:16.946988,66,11,0,CLEARED,418,1475,0.023379
986,2026-01-22T12:42:16.946988,7,15,1,BLOCKED,208,903,0.014169
987,2026-03-18T12:42:16.947988,41,14,1,BLOCKED,37,76,0.001251
988,2026-02-22T12:42:16.947988,26,7,0,CLEARED,409,1812,0.028407
989,2026-01-27T12:42:16.947988,29,13,1,BLOCKED,370,1503,0.023655
990,2026-02-01T12:42:16.947988,48,12,0,CLEARED,289,1562,0.024297
991,2026-02-21T12:42:16.947988,26,7,0,CLEARED,109,652,0.010107
992,2026-03-28T12:42:16.947988,23,3,1,BLOCKED,48,432,0.006624
993,2026-03-15T12:42:16.947988,66,11,0,CLEARED,30,927,0.013995
994,2026-03-18T12:42:16.947988,72,5,0,CLEARED,92,1246,0.018966
995,2026-03-31T12:42:16.947988,1,11,0,CLEARED,373,1969,0.030654
996,2026-04-13T12:42:16.947988,6,11,0,CLEARED,175,1272,0.019605
997,2026-03-05T12:42:16.947988,39,4,0,CLEARED,303,1176,0.018549
998,2026-03-22T12:42:16.947988,10,1,0,CLEARED,172,1126,0.017406
999,2026-03-30T12:42:16.947988,24,13,0,CLEARED,412,1084,0.017496
1000,2026-03-06T12:42:16.947988,54,7,0,CLEARED,216,238,0.004218
